TICKER;PRECO;DY;P/L;P/VP;P/ATIVOS;MARGEM BRUTA;MARGEM EBIT;MARG. LIQUIDA;P/EBIT;EV/EBIT;DIVIDA LIQUIDA / EBIT;DIV. LIQ. / PATRI.;PSR;P/CAP. GIRO;P. AT CIR. LIQ.;LIQ. CORRENTE;ROE;ROA;ROIC;PATRIMONIO / ATIVOS;PASSIVOS / ATIVOS;GIRO ATIVOS;CAGR RECEITAS 5 ANOS;CAGR LUCROS 5 ANOS; LIQUIDEZ MEDIA DIARIA; VPA; LPA; PEG Ratio; VALOR DE MERCADO
ABCB4;18,75;6,82;5,66;0,84;0,08;28,19;16,40;14,70;5,07;5,07;;;0,83;1,57;-0,09;2,70;14,77;1,44;;0,10;0,90;0,10;7,15;13,84;17.339.161,58;22,43;3,31;0,13;4.239.189.712,50
ABEV3;15,70;3,84;18,88;2,74;1,74;49,47;21,95;16,57;14,26;13,33;-0,93;-0,18;3,13;37,60;-2,46;1,19;14,52;9,22;17,86;0,63;0,36;0,56;9,82;0,86;462.071.054,12;5,73;0,83;-1,09;247.278.404.560,70
AERI3;1,08;1,92;-23,53;0,88;0,24;11,63;8,52;-1,46;4,04;7,55;3,50;0,76;0,34;0,67;-0,70;2,19;-3,73;-1,02;7,95;0,27;0,73;0,69;;;10.307.810,58;1,23;-0,05;0,15;827.510.532,48
AESB3;9,85;1,09;12,11;1,42;0,39;23,01;16,12;17,84;13,40;23,42;10,03;1,06;2,16;2,00;-0,54;3,63;11,73;3,24;-0,56;0,28;0,64;0,18;;;20.101.246,96;6,94;0,81;;5.928.984.013,35
AGRO3;26,07;20,16;5,88;1,20;0,80;39,39;33,72;26,43;4,61;4,90;0,30;0,08;1,55;2,42;-1,52;3,28;20,50;13,58;16,13;0,66;0,34;0,51;59,78;75,47;18.290.744,54;21,65;4,44;0,87;2.668.968.598,56
AGXY3;8,69;1,93;-22,59;1,18;0,19;12,49;4,37;-0,61;3,17;5,98;2,81;1,05;0,14;7,95;-0,95;1,03;-5,23;-0,84;15,21;0,16;0,84;1,37;;;673.645,12;7,35;-0,38;-0,02;1.484.469.154,41
ALLD3;6,08;14,28;7,68;0,38;0,14;13,67;3,61;1,36;2,90;4,60;1,70;0,22;0,10;0,51;-0,48;1,59;4,91;1,76;7,51;0,36;0,64;1,29;;;260.476,08;16,15;0,79;-0,10;566.781.138,56
ALPA4;14,02;1,16;21,94;1,63;1,21;46,83;8,91;11,00;27,08;25,70;0,40;0,02;2,41;7,07;-2,01;1,76;7,45;5,52;4,82;0,74;0,26;0,50;-0,53;3,84;84.418.573,31;8,58;0,64;-7,56;8.948.437.577,79
ALPK3;1,75;;-2,26;0,82;0,14;29,84;6,40;-15,39;5,44;23,88;18,45;2,77;0,35;-0,99;-0,16;0,44;-36,11;-6,36;3,53;0,18;0,82;0,41;;;279.644,73;2,14;-0,77;0,18;375.246.415,25
ALSO3;16,75;2,29;15,43;0,64;0,36;70,92;55,69;26,63;7,38;3,01;-4,36;-0,38;4,11;1,87;-0,49;3,98;4,17;2,34;7,18;0,56;0,35;0,09;22,33;24,54;37.529.752,23;26,05;1,09;0,20;4.451.694.031,50
ALUP11;26,23;4,69;8,13;1,06;0,28;80,24;73,84;22,37;2,46;5,18;2,71;1,16;1,82;2,47;-0,34;2,73;12,99;3,48;12,37;0,27;0,60;0,16;27,49;24,93;21.843.688,69;24,85;3,23;-0,25;7.686.362.861,96
AMBP3;20,58;1,47;25,22;2,25;0,29;21,94;17,50;2,81;4,05;9,41;5,36;2,98;0,71;1,06;-0,55;2,37;8,92;1,14;7,78;0,13;0,84;0,41;;;34.691.855,00;9,15;0,82;-0,79;2.324.214.401,04
AMER3;8,60;7,22;182,59;0,52;0,18;30,68;4,18;0,15;6,69;14,33;7,64;0,59;0,28;0,89;-0,33;1,84;0,28;0,10;1,24;0,35;0,65;0,65;21,42;;354.301.215,92;16,59;0,05;-4,74;7.831.149.353,20
ANIM3;4,15;;-4,48;0,62;0,16;56,74;10,86;-10,54;4,35;14,34;9,99;1,43;0,47;5,17;-0,20;1,18;-13,91;-3,57;3,94;0,26;0,71;0,34;22,51;;27.717.144,31;6,66;-0,93;0,00;1.676.055.540,75
APER3;26,77;0,26;15,60;0,66;0,40;100,00;7,85;8,96;17,81;9,86;-7,95;-0,29;1,40;3,65;-0,56;1,60;4,21;2,55;1,93;0,61;0,39;0,28;4,50;;625.375,54;40,77;1,72;0,00;307.323.187,18
ARML3;12,35;2,33;34,59;3,75;1,23;45,97;33,61;14,73;15,15;18,80;3,64;0,90;5,09;5,59;-1,88;2,79;10,85;3,56;7,87;0,33;0,67;0,24;;;7.625.840,58;3,29;0,36;0,16;4.273.298.106,35
ARZZ3;82,14;1,33;19,98;3,63;2,16;53,58;13,23;10,03;15,15;14,55;-0,60;-0,14;2,00;11,91;-4,52;1,53;18,17;10,80;18,34;0,59;0,41;1,08;18,73;31,28;138.304.380,85;22,62;4,11;0,35;9.050.684.364,78
ASAI3;19,34;0,65;19,46;7,26;0,72;16,39;5,35;2,68;9,73;12,68;2,95;2,20;0,52;-21,23;-1,08;0,91;37,30;3,68;16,95;0,10;0,90;1,38;;;358.704.124,62;2,67;0,99;-0,80;26.089.340.387,16
AURA33;29,97;8,98;5,24;1,27;0,60;30,86;23,84;19,08;4,19;5,11;0,92;0,28;1,00;3,84;-0,95;1,72;24,18;11,39;12,61;0,47;0,53;0,60;;;6.919.147,12;23,67;5,72;-0,32;2.120.151.526,20
AURE3;14,38;0,70;61,01;1,13;0,49;22,14;19,25;4,91;15,57;18,00;2,42;0,18;3,00;2,67;-0,61;10,36;1,85;0,80;4,45;0,43;0,57;0,16;;;48.033.744,77;12,73;0,24;;14.380.000.000,00
AZUL4;10,68;;-6,08;-0,67;0,74;19,26;6,35;-14,59;13,96;27,38;23,54;;0,89;-1,39;-1,02;0,35;-11,03;-12,12;25,84;-1,10;2,10;0,83;8,38;;180.844.323,88;-15,92;-1,76;0,13;3.716.683.881,70
B3SA3;11,74;5,06;16,60;3,51;1,47;89,66;56,13;43,15;12,76;11,97;-0,79;-0,22;7,16;10,07;-2,37;1,62;21,13;8,84;12,42;0,42;0,58;0,20;34,69;24,43;859.948.336,00;3,35;0,71;-1,92;71.602.260.000,00
BAZA3;51,99;13,21;2,56;0,65;0,09;35,57;61,66;39,79;1,65;1,65;;;1,02;0,94;-0,10;;25,51;3,49;;0,14;0,86;0,09;-2,61;54,23;323.614,00;79,74;20,34;0,03;2.914.471.796,85
BBAS3;35,03;11,42;3,71;0,66;0,05;28,97;15,94;12,64;2,94;2,94;;;0,47;2,18;-0,05;12,02;17,69;1,29;;0,07;0,92;0,10;-6,50;30,98;730.502.361,62;53,44;9,45;0,05;100.375.558.210,60
BBDC3;12,90;4,67;5,84;0,85;0,07;32,71;15,85;12,86;4,73;5,04;;;0,75;1,04;-0,08;8,81;14,60;1,27;;0,09;0,91;0,10;-5,09;5,65;164.791.636,88;15,14;2,21;1,77;146.272.650.903,75
BBDC4;14,55;4,55;6,58;0,96;0,08;32,71;15,85;12,86;5,34;5,04;;;0,85;1,18;-0,09;8,81;14,60;1,27;;0,09;0,91;0,10;-5,09;5,65;1.224.770.680,31;15,14;2,21;2,00;146.272.650.903,75
BBSE3;31,47;6,25;11,52;6,65;4,52;;;;9,82;9,82;;;;22,42;-7,59;1,99;57,76;39,23;;0,68;0,32;0,00;;6,37;236.660.148,15;4,73;2,73;0,23;62.940.000.000,00
BEEF3;11,61;4,84;8,48;11,34;0,33;18,34;8,09;2,63;2,75;5,28;2,53;10,41;0,22;1,18;-1,03;1,70;133,61;3,90;15,04;0,03;0,97;1,48;22,82;33,65;96.124.263,85;1,02;1,37;0,18;7.050.560.355,27
BLAU3;26,47;2,54;15,14;2,70;1,95;46,95;30,43;22,56;11,23;10,17;-1,06;-0,25;3,42;3,68;-6,53;4,07;17,82;12,85;14,04;0,72;0,28;0,57;;;9.716.050,85;9,81;1,75;-1,33;4.748.557.565,33
BMOB3;14,52;1,39;15,11;1,28;0,96;21,73;6,83;6,16;13,64;8,54;-5,10;-0,48;0,93;2,24;-2,61;3,11;8,48;6,36;4,58;0,75;0,25;1,03;;;6.746.108,69;11,34;0,96;0,33;1.320.000.015,84
BOAS3;4,24;1,87;7,95;1,02;0,85;53,72;9,33;27,74;23,66;9,87;-13,78;-0,59;2,21;1,82;-2,02;5,23;12,79;10,70;-0,43;0,84;0,16;0,39;6,65;;9.783.479,73;4,17;0,53;0,08;2.256.623.913,04
BPAC11;23,30;2,27;12,49;2,11;0,24;20,70;23,06;16,11;8,72;8,72;;;2,01;6,75;-3,08;1,04;16,93;1,94;;0,11;0,89;0,12;5,25;8,61;402.917.391,73;11,02;1,87;-1,13;89.364.198.107,47
BPAN4;6,33;3,85;12,17;1,15;0,15;54,27;7,49;5,75;9,35;9,35;;;0,70;;-0,15;;9,45;1,25;;0,13;0,87;0,22;1,40;;31.367.494,65;5,51;0,52;-0,63;8.269.086.085,95
BRAP3;25,75;32,28;1,70;1,29;1,28;;;;1,72;1,71;-0,14;-0,11;;12,69;-1,44;9,56;75,82;74,92;74,47;0,99;0,01;0,00;;56,67;3.729.517,92;19,93;15,11;0,19;10.936.028.118,78
BRAP4;28,94;31,60;1,92;1,45;1,44;;;;1,93;1,71;-0,14;-0,11;;14,27;-1,62;9,56;75,82;74,92;74,47;0,99;0,01;0,00;;56,67;143.352.629,92;19,93;15,11;0,21;10.936.028.118,78
BRBI11;12,38;11,15;8,80;1,71;0,31;36,49;17,71;22,54;11,20;4,10;-7,10;-1,09;1,98;1,65;-36,22;1,24;19,47;3,56;0,77;0,18;0,82;0,16;;;1.258.605,69;7,23;1,41;0,41;1.299.846.815,52
BRFS3;7,81;;-6,34;0,69;0,15;16,71;2,36;-2,53;6,78;18,60;11,83;1,21;0,16;1,42;-0,27;1,30;-10,94;-2,35;2,51;0,21;0,77;0,93;7,46;;138.614.676,42;11,26;-1,23;0,01;8.454.116.051,26
BRIT3;2,85;0,04;40,25;0,95;0,45;40,74;13,03;3,49;10,77;16,19;5,43;0,48;1,40;10,43;-0,58;1,26;2,36;1,13;3,83;0,48;0,52;0,32;;;1.406.130,62;3,00;0,07;0,74;1.279.920.510,60
BRKM3;27,10;6,26;11,34;2,49;0,23;17,15;9,30;1,80;2,20;4,31;2,20;2,49;0,20;1,62;-0,40;1,53;21,92;2,07;18,39;0,09;0,93;1,15;17,25;;472.854,62;10,90;2,39;-0,13;20.823.413.750,08
BRKM5;24,84;6,83;10,39;2,28;0,21;17,15;9,30;1,80;2,01;4,31;2,20;2,49;0,19;1,48;-0,37;1,53;21,92;2,07;18,39;0,09;0,93;1,15;17,25;;81.470.613,81;10,90;2,39;-0,12;20.823.413.750,08
BRML3;8,24;0,65;12,59;0,62;0,37;88,97;69,50;39,67;7,19;9,49;2,31;0,20;4,99;8,25;-0,41;2,10;4,90;2,95;6,41;0,60;0,39;0,07;-2,54;25,92;118.580.437,88;13,37;0,65;0,07;6.824.976.804,16
BRSR6;9,71;10,59;4,86;0,44;0,03;33,25;5,75;6,82;5,77;6,16;;;0,33;0,71;-0,04;4,16;8,99;0,71;;0,08;0,92;0,10;-5,99;2,31;22.424.720,69;22,21;2,00;-0,23;4.239.777.113,38
CAMB3;6,85;2,81;4,62;1,82;0,76;44,76;20,40;15,51;3,51;4,76;1,25;0,65;0,72;5,33;-1,46;1,42;39,48;16,44;29,85;0,42;0,59;1,06;-2,78;;445.034,81;3,76;1,48;0,01;289.584.298,00
CAML3;8,55;4,27;31,89;1,06;0,36;21,39;6,87;1,00;4,65;8,55;3,90;0,89;0,32;1,14;-0,92;2,08;3,34;1,13;8,95;0,34;0,66;1,13;12,75;-13,69;9.307.923,23;8,04;0,27;-0,41;3.078.000.000,00
CBAV3;12,04;3,18;5,34;1,32;0,59;27,15;35,49;40,99;6,16;7,40;1,23;0,26;2,19;2,61;-0,93;2,57;24,67;10,98;13,39;0,45;0,54;0,27;;;49.280.068,31;9,15;2,26;-0,01;7.173.833.329,32
CCRO3;11,15;3,41;5,34;1,83;0,45;59,20;54,69;22,86;2,23;4,25;2,02;1,65;1,22;5,52;-0,60;1,47;34,19;8,39;17,14;0,25;0,75;0,37;4,14;19,73;154.845.548,12;6,11;2,09;0,01;22.523.000.000,00
CEAB3;2,31;;-12,36;0,26;0,08;49,14;2,18;-0,94;5,36;13,99;8,63;0,41;0,12;0,86;-0,14;1,25;-2,07;-0,64;0,52;0,31;0,69;0,68;1,51;;12.700.249,08;9,04;-0,19;0,10;712.046.107,08
CESP6;25,25;;833,78;1,09;0,57;29,46;23,05;0,43;15,43;18,17;2,67;0,19;3,56;60,78;-0,62;1,13;0,13;0,07;5,36;0,53;0,47;0,16;6,56;-50,99;75.751.511,28;23,16;0,03;-8,38;8.302.192.833,55
CGAS5;129,30;21,24;10,00;10,30;1,32;21,52;15,76;10,42;6,61;8,46;2,02;3,15;1,04;8,16;-2,27;1,64;103,02;13,23;27,93;0,13;0,87;1,27;15,66;13,72;564.366,58;12,55;12,93;-0,65;16.696.268.756,13
CGRA4;27,70;12,52;4,62;0,66;0,48;54,94;16,17;17,17;4,91;4,20;-0,81;-0,11;0,79;1,80;-0,85;2,51;14,33;10,28;10,25;0,72;0,28;0,60;9,46;12,62;296.354,23;41,84;5,99;-0,12;546.320.653,29
CIEL3;4,35;5,75;8,32;1,09;0,11;37,79;22,75;12,82;4,69;6,00;1,31;0,30;1,07;0,93;-0,87;1,16;13,08;1,37;10,12;0,11;0,87;0,11;-1,02;-18,73;149.514.617,15;4,00;0,52;0,16;11.818.145.515,35
CLSC4;55,91;12,63;6,61;0,74;0,18;13,36;6,71;4,19;4,13;6,48;2,47;0,45;0,28;3,82;-0,27;1,19;11,26;2,79;8,32;0,25;0,75;0,66;13,22;;275.811,15;75,16;8,46;-0,12;2.095.671.275,77
CMIG3;17,27;9,73;9,34;1,80;0,70;16,75;13,08;11,65;8,32;7,75;1,44;0,31;1,09;12,13;-0,96;1,27;19,31;7,47;13,90;0,39;0,61;0,64;12,38;64,85;7.348.926,85;9,57;1,85;-7,46;28.814.186.939,84
CMIG4;10,99;15,30;5,94;1,15;0,44;16,75;13,08;11,65;5,29;7,75;1,44;0,31;0,69;7,72;-0,61;1,27;19,31;7,47;13,90;0,39;0,61;0,64;12,38;64,85;135.763.264,00;9,57;1,85;-4,75;28.814.186.939,84
CMIN3;3,70;26,80;7,29;1,54;0,77;42,30;33,29;23,29;5,10;4,72;-0,39;-0,12;1,70;2,73;-1,37;2,77;21,13;10,50;13,85;0,50;0,50;0,45;;;42.232.568,23;2,40;0,51;-0,12;20.295.753.700,60
COCE5;42,85;4,54;6,43;0,90;0,27;18,27;14,95;5,84;2,51;5,64;3,13;1,12;0,38;-4,27;-0,36;0,81;13,98;4,17;14,65;0,30;0,70;0,71;14,63;5,71;4.902.582,69;47,66;6,66;0,59;3.322.432.443,42
COGN3;2,12;;-15,28;0,32;0,15;60,85;7,28;-5,32;11,17;27,99;16,82;0,48;0,81;4,24;-0,19;1,24;-2,10;-0,99;1,63;0,47;0,49;0,19;-1,85;;102.662.415,50;6,60;-0,14;0,16;3.978.405.165,20
CPFE3;32,27;12,21;7,36;2,41;0,56;28,01;22,96;12,78;4,10;6,21;2,12;1,25;0,94;-35,44;-0,72;0,93;32,77;7,66;18,36;0,23;0,76;0,60;15,46;41,19;65.526.174,50;13,39;4,39;0,51;37.183.250.778,80
CPLE11;38,18;12,77;23,79;1,00;0,42;21,07;13,04;3,84;7,00;10,02;3,02;0,43;0,91;5,58;-0,53;1,54;4,19;1,76;8,15;0,42;0,57;0,46;12,85;-0,39;23.495.433,69;38,31;1,60;-0,28;20.896.324.435,00
CPLE3;7,03;12,84;21,90;0,92;0,39;21,07;13,04;3,84;6,45;10,02;3,02;0,43;0,84;5,13;-0,49;1,54;4,19;1,76;8,15;0,42;0,57;0,46;12,85;-0,39;12.397.184,69;7,66;0,32;-0,26;20.896.324.435,00
CPLE6;7,82;12,70;24,36;1,02;0,43;21,07;13,04;3,84;7,17;10,02;3,02;0,43;0,93;5,71;-0,55;1,54;4,19;1,76;8,15;0,42;0,57;0,46;12,85;-0,39;151.611.125,38;7,66;0,32;-0,29;20.896.324.435,00
CRFB3;14,75;2,35;13,32;1,55;0,38;18,76;5,32;2,46;6,14;9,74;3,59;0,91;0,33;-15,63;-0,66;0,95;11,65;2,85;10,20;0,24;0,74;1,16;10,34;14,69;120.415.248,27;9,50;1,11;-0,56;31.028.767.732,50
CRPG5;28,48;19,62;7,80;0,91;0,70;12,60;10,13;11,61;8,94;9,72;-1,68;-0,17;0,91;1,52;-1,68;4,91;11,62;9,03;8,91;0,78;0,22;0,78;17,77;4,74;831.539,65;31,40;3,65;-0,12;1.053.595.693,84
CSAN3;16,49;4,87;21,16;1,98;0,32;23,12;17,22;4,09;5,02;10,11;5,08;2,00;0,87;2,72;-0,43;1,89;9,33;1,52;6,87;0,16;0,68;0,37;26,99;7,11;204.034.499,12;8,35;0,78;-0,29;30.903.429.668,68
CSED3;3,90;3,36;31,55;1,03;0,31;47,12;17,73;2,37;4,22;4,63;0,41;0,10;0,75;2,74;-0,42;1,84;3,28;0,99;13,91;0,30;0,70;0,42;;;2.748.599,50;3,77;0,12;-0,71;1.489.106.736,00
CSMG3;15,54;2,47;9,24;0,82;0,47;35,28;16,58;10,40;5,80;8,77;2,97;0,42;0,96;909,94;-0,56;1,00;8,89;5,13;7,80;0,58;0,42;0,49;7,89;8,05;26.577.076,50;18,91;1,68;-0,67;5.909.132.692,26
CSNA3;14,08;14,58;7,65;0,88;0,23;31,61;20,71;5,60;2,07;4,44;2,37;1,01;0,43;1,92;-0,36;1,45;11,56;2,95;9,56;0,26;0,71;0,53;22,81;;204.023.960,77;15,92;1,84;-0,09;18.671.402.773,76
CSUD3;11,61;7,51;7,10;1,34;0,82;36,51;18,99;12,96;4,85;4,86;0,01;0,00;0,92;22,51;-1,18;1,14;18,83;11,58;15,97;0,61;0,39;0,89;1,99;14,37;1.331.860,73;8,68;1,63;0,39;485.298.000,00
CURY3;10,70;4,82;9,14;4,82;1,07;36,97;20,35;15,77;7,08;6,44;-0,64;-0,43;1,44;4,11;-4,06;1,55;52,72;11,72;32,53;0,22;0,73;0,74;;;24.000.554,54;2,22;1,17;0,04;3.123.063.441,60
CXSE3;7,96;8,15;9,37;2,03;2,01;;;;8,26;7,82;-0,44;-0,11;;18,65;-2,28;9,23;21,69;21,41;21,12;0,99;0,01;0,00;;18,54;22.754.100,04;3,92;0,85;0,23;23.880.000.000,00
CYRE3;13,22;4,27;6,45;0,82;0,36;32,54;17,75;15,28;5,56;7,28;1,73;0,25;0,99;1,00;-0,79;2,90;12,63;5,55;7,54;0,44;0,52;0,36;8,44;40,16;146.446.583,85;16,22;2,05;-0,44;5.284.599.802,78
DASA3;13,98;2,15;-23,08;1,05;0,31;28,99;6,26;-2,71;9,99;19,37;9,38;0,98;0,63;5,07;-0,43;1,29;-4,54;-1,35;3,94;0,30;0,70;0,50;27,93;;3.694.397,65;13,33;-0,61;-0,03;7.836.884.130,72
DESK3;8,67;0,16;16,32;0,82;0,31;57,26;27,45;7,29;4,33;7,63;3,30;0,63;1,19;9,24;-0,38;1,23;5,03;1,92;9,56;0,38;0,61;0,26;;;2.193.876,08;10,55;0,53;0,12;756.608.687,46
DEXP3;6,88;5,59;4,84;1,23;0,49;17,70;10,18;6,13;2,92;3,87;0,97;0,41;0,30;1,18;-1,39;2,75;25,35;10,07;22,04;0,40;0,52;1,64;32,29;20,48;1.341.016,08;5,60;1,42;-0,15;641.676.214,35
DIRR3;14,49;3,24;12,32;1,60;0,35;35,38;17,60;8,34;5,84;6,72;0,88;0,24;1,03;0,89;-0,74;3,92;13,00;2,84;10,81;0,22;0,75;0,34;5,52;;44.525.375,04;9,05;1,18;0,91;2.173.500.000,00
DMMO3;1,85;;-256,93;-1,87;2,74;54,54;8,16;-1,10;34,73;31,88;-2,85;;2,84;9,17;-6,62;2,04;-0,73;-1,07;-5,39;-1,47;2,47;0,97;-1,34;;19.500.526,50;-0,99;-0,01;2,50;942.917.377,65
DXCO3;7,48;17,12;5,05;0,96;0,37;34,82;15,97;12,88;4,07;6,70;2,63;0,62;0,65;3,50;-0,57;1,41;19,09;7,27;11,26;0,38;0,62;0,56;15,88;116,62;41.612.767,81;7,76;1,48;-0,23;5.692.002.873,48
ECOR3;4,15;;19,82;1,28;0,16;30,72;24,54;2,68;2,17;9,30;7,13;4,22;0,53;-4,19;-0,19;0,81;6,47;0,81;7,70;0,12;0,86;0,30;10,46;;29.203.831,38;3,24;0,21;-0,13;2.889.787.029,60
EGIE3;39,19;7,19;17,28;3,97;0,81;52,31;43,75;15,99;6,32;9,26;2,94;1,85;2,76;16,55;-1,06;1,26;23,00;4,66;17,82;0,20;0,80;0,29;14,25;3,64;76.858.724,92;9,86;2,27;-0,65;31.976.208.130,60
ELET3;43,00;1,80;21,08;0,89;0,37;56,99;24,48;12,50;10,76;14,75;3,90;0,32;2,63;5,26;-0,44;1,76;4,21;1,76;4,52;0,42;0,58;0,14;-9,01;6,50;576.900.958,35;48,45;2,04;-0,78;99.728.639.083,78
ELET6;45,77;3,53;22,44;0,94;0,40;56,99;24,48;12,50;11,46;14,75;3,90;0,32;2,80;5,60;-0,47;1,76;4,21;1,76;4,52;0,42;0,58;0,14;-9,01;6,50;159.846.152,96;48,45;2,04;-0,83;99.728.639.083,78
ELMD3;9,80;;-167,32;1,86;0,70;32,37;11,24;-1,17;17,44;24,43;7,00;0,75;1,96;-9,26;-0,83;0,67;-1,11;-0,42;4,51;0,38;0,55;0,36;;;3.093.282,85;5,26;-0,06;2,14;1.371.840.779,40
ENAT3;12,17;14,04;3,63;0,81;0,53;41,49;65,20;40,46;2,25;1,54;-0,71;-0,26;1,47;4,40;-0,75;1,69;22,40;14,63;22,43;0,65;0,35;0,36;30,52;42,30;24.093.742,38;14,98;3,36;0,09;3.234.870.033,85
ENBR3;20,65;10,62;5,39;1,02;0,32;27,89;24,96;12,38;2,67;5,04;2,37;0,90;0,67;3,60;-0,45;1,48;18,91;5,98;13,67;0,32;0,65;0,48;15,05;27,29;66.624.957,69;20,27;3,83;0,63;12.001.062.784,20
ENEV3;12,02;;17,98;1,37;0,59;35,01;32,61;19,28;10,63;13,79;3,16;0,41;3,47;2,84;-0,93;2,34;7,64;3,28;5,56;0,43;0,57;0,17;18,85;;128.113.018,69;8,75;0,67;-0,79;19.045.043.612,48
ENGI11;41,83;8,03;7,27;1,46;0,29;26,61;21,65;8,60;2,89;6,59;3,70;1,87;0,63;6,03;-0,39;1,22;20,11;3,93;12,38;0,20;0,78;0,46;17,81;72,25;89.016.876,58;28,60;5,75;-1,98;17.058.997.993,64
EQTL3;26,38;2,43;12,75;1,83;0,42;31,25;20,54;8,56;5,32;9,48;4,16;1,43;1,09;4,64;-0,57;1,54;14,34;3,29;9,14;0,23;0,74;0,38;24,97;26,81;206.746.822,58;14,42;2,07;-0,35;29.781.294.352,30
ESPA3;1,21;;-43,48;0,62;0,20;33,23;13,92;-1,23;3,84;10,76;6,92;1,12;0,54;7,06;-0,31;1,09;-1,43;-0,46;5,67;0,32;0,68;0,38;;;7.718.960,54;1,94;-0,03;0,42;437.321.909,86
ETER3;9,70;11,06;3,39;0,91;0,50;35,44;19,76;15,19;2,61;2,65;0,05;0,02;0,51;1,39;-1,25;2,55;26,81;14,90;23,98;0,56;0,44;0,98;6,30;;10.185.259,00;10,68;2,86;-0,07;599.232.777,50
EUCA4;6,60;4,29;1,67;0,30;0,17;32,65;15,64;14,16;1,51;3,07;1,22;0,24;0,24;1,04;-0,27;1,75;17,72;9,92;13,58;0,56;0,44;0,70;16,44;61,20;283.934,92;22,27;3,95;0,12;745.695.199,60
EVEN3;5,20;4,30;7,55;0,57;0,17;24,30;7,41;6,17;6,29;4,79;-1,50;-0,14;0,47;0,40;-0,62;2,48;7,54;2,26;3,85;0,30;0,57;0,37;5,48;139,11;8.447.845,81;9,13;0,69;0,17;1.102.400.000,00
EZTC3;14,40;5,41;8,70;0,71;0,58;38,96;26,84;37,06;12,01;10,46;-1,56;-0,09;3,22;1,64;-1,01;5,47;8,18;6,63;4,63;0,81;0,18;0,18;10,85;9,70;40.112.048,65;20,23;1,65;-0,33;3.182.243.083,20
FESA4;57,28;7,68;4,41;1,66;1,27;50,23;41,83;36,91;3,89;3,60;-0,38;-0,16;1,63;3,97;-2,24;3,94;37,72;28,87;32,81;0,77;0,23;0,78;16,87;75,11;11.975.705,27;34,43;12,99;0,03;5.168.486.400,00
FHER3;17,56;;2,69;2,14;0,31;11,31;7,54;6,08;2,17;2,61;0,44;0,43;0,16;1,12;-1,27;1,57;79,53;11,49;52,74;0,14;0,86;1,89;-3,75;52,10;3.919.701,88;8,21;6,53;0,11;945.733.907,04
FIQE3;3,74;2,25;11,22;1,36;0,71;47,09;25,34;19,13;8,46;6,98;-1,49;-0,24;2,15;3,46;-1,19;2,05;12,14;6,36;8,63;0,52;0,48;0,33;;;2.519.600,08;2,75;0,33;0,16;1.354.065.537,66
FLRY3;15,95;5,04;14,59;2,65;0,75;28,29;17,90;7,97;6,49;10,13;3,64;1,48;1,16;10,07;-1,02;1,38;18,16;5,13;11,83;0,28;0,72;0,64;13,06;8,74;49.760.601,35;6,02;1,09;-0,86;5.074.299.186,00
FRAS3;10,51;2,70;14,80;1,58;0,76;28,90;10,45;6,40;9,06;8,79;-0,27;-0,05;0,95;1,86;-1,98;2,92;10,66;5,11;9,66;0,48;0,52;0,80;26,01;24,43;5.569.120,65;6,66;0,71;-0,37;2.837.871.764,93
GGBR3;24,87;14,60;3,02;0,85;0,52;24,43;23,00;16,01;2,10;2,66;0,22;0,09;0,48;1,99;-0,99;2,25;27,99;17,26;25,44;0,62;0,38;1,08;15,78;;2.124.860,19;29,39;8,23;0,51;48.292.279.620,00
GGBR4;30,93;11,74;3,76;1,05;0,65;24,43;23,00;16,01;2,62;2,66;0,22;0,09;0,60;2,48;-1,23;2,25;27,99;17,26;25,44;0,62;0,38;1,08;15,78;;427.124.108,19;29,39;8,23;0,63;48.292.279.620,00
GGPS3;11,60;;17,00;3,22;1,09;16,13;9,27;5,28;9,67;10,31;0,63;0,21;0,90;4,20;-2,23;2,03;18,92;6,41;13,31;0,34;0,66;1,21;;;25.141.048,65;3,61;0,68;2,99;7.768.622.486,00
GMAT3;5,45;;12,70;1,68;0,97;22,39;5,97;4,71;10,00;12,05;2,05;0,34;0,60;2,12;-2,68;3,57;13,26;7,65;11,29;0,58;0,42;1,63;;;44.511.519,04;3,24;0,43;0,47;12.040.936.130,55
GNDI3;66,95;2,41;-3.584,81;5,84;2,38;18,55;3,28;-0,10;104,45;109,34;4,90;0,27;3,42;79,65;-3,01;1,17;-0,16;-0,07;2,22;0,41;0,59;0,69;29,03;;614.805.285,20;11,47;-0,02;35,34;41.526.443.086,05
GOAU3;12,05;10,37;2,65;0,75;0,16;24,43;22,94;5,47;0,63;0,88;0,19;0,23;0,14;0,58;-0,30;2,28;28,16;5,86;25,12;0,21;0,38;1,07;15,78;;3.025.056,88;16,15;4,55;0,27;13.474.250.684,76
GOAU4;13,57;9,21;2,98;0,84;0,17;24,43;22,94;5,47;0,71;0,88;0,19;0,23;0,16;0,66;-0,33;2,28;28,16;5,86;25,12;0,21;0,38;1,07;15,78;;133.185.521,35;16,15;4,55;0,30;13.474.250.684,76
GRND3;6,33;6,08;9,58;1,34;1,21;40,49;11,25;23,48;19,99;16,40;-3,59;-0,24;2,25;2,25;-3,21;7,35;13,96;12,62;5,93;0,90;0,10;0,54;2,75;-1,24;8.882.311,00;4,73;0,66;-0,78;5.710.672.800,00
GUAR3;7,47;7,37;14,66;0,72;0,26;57,86;5,82;3,04;7,67;12,53;4,87;0,46;0,45;1,39;-0,66;1,46;4,93;1,80;4,28;0,37;0,63;0,59;4,05;-4,34;14.412.264,54;10,34;0,51;-0,29;3.729.024.000,00
HAPV3;4,98;0,11;-136,55;0,72;0,49;25,21;0,50;-1,31;355,24;419,59;64,35;0,13;1,79;78,65;-0,55;1,06;-0,53;-0,36;-0,56;0,68;0,32;0,27;26,62;;400.395.711,42;6,88;-0,04;0,82;35.578.393.600,14
HBOR3;2,19;8,25;5,44;0,22;0,06;27,70;11,84;6,35;2,92;15,98;13,06;0,96;0,35;0,14;-0,14;2,95;3,95;1,06;2,30;0,27;0,61;0,17;1,00;;1.703.458,27;10,18;0,40;-0,11;293.133.847,68
HBSA3;2,47;;-48,02;1,39;0,29;28,69;14,86;-2,60;8,40;26,61;18,21;3,01;1,25;2,98;-0,37;1,97;-2,89;-0,61;3,06;0,21;0,79;0,24;23,22;;12.644.423,73;1,78;-0,05;0,73;1.878.145.128,21
HYPE3;42,53;2,90;16,62;2,57;1,19;63,23;33,00;22,99;11,58;14,43;2,85;0,63;3,82;8,13;-1,78;1,80;15,45;7,19;11,64;0,47;0,53;0,31;12,96;6,60;184.673.206,62;16,57;2,56;0,65;26.939.387.602,19
IGTI11;17,98;1,90;463,23;1,85;0,98;60,31;45,08;1,53;15,76;12,65;2,52;0,30;7,11;5,76;-1,44;2,11;0,40;0,21;5,57;0,53;0,47;0,14;5,11;-5,85;66.466.446,54;9,74;0,04;-5,12;4.748.680.359,40
IGTI3;2,41;2,02;186,27;0,74;0,39;60,31;45,08;1,53;6,34;12,65;2,52;0,30;2,86;2,32;-0,58;2,11;0,40;0,21;5,57;0,53;0,47;0,14;5,11;-5,85;546.140,42;3,25;0,01;-2,06;4.748.680.359,40
INTB3;30,22;1,21;23,59;4,64;2,27;28,41;10,95;10,70;23,06;22,49;-0,57;-0,11;2,52;6,15;-7,99;2,06;19,66;9,61;14,68;0,49;0,51;0,90;;;40.947.072,46;6,52;1,28;-2,17;9.900.407.744,20
ITSA3;8,95;7,12;6,00;1,23;0,91;34,89;170,30;165,22;5,82;6,07;0,50;0,10;9,92;27,29;-1,02;1,40;20,43;15,08;16,44;0,74;0,22;0,09;11,75;12,00;2.560.826,23;7,30;1,49;0,26;83.134.473.549,65
ITSA4;8,37;7,62;5,61;1,15;0,85;34,89;170,30;165,22;5,45;6,07;0,50;0,10;9,27;25,52;-0,96;1,40;20,43;15,08;16,44;0,74;0,22;0,09;11,75;12,00;291.688.176,73;7,30;1,49;0,24;83.134.473.549,65
ITUB3;21,66;4,36;7,37;1,35;0,10;64,92;19,00;13,89;5,39;5,81;;;1,02;;-0,10;;18,31;1,33;;0,07;0,92;0,10;2,26;5,89;21.821.079,73;16,04;2,94;-6,12;228.784.986.150,39
ITUB4;25,05;3,77;8,53;1,56;0,11;64,92;19,00;13,89;6,24;5,81;;;1,18;;-0,12;;18,31;1,33;;0,07;0,92;0,10;2,26;5,89;1.400.326.735,15;16,04;2,94;-7,08;228.784.986.150,39
JBSS3;21,19;9,44;2,40;1,06;0,23;17,96;8,29;5,16;1,49;3,96;2,47;1,75;0,12;1,78;-0,38;1,46;44,22;9,49;18,49;0,21;0,77;1,84;15,53;142,49;200.798.456,38;19,96;8,83;0,28;47.001.885.880,30
JHSF3;5,08;3,16;4,28;0,69;0,35;62,96;50,00;40,75;3,49;5,39;1,90;0,38;1,74;1,61;-0,51;3,51;16,23;8,23;12,36;0,51;0,48;0,20;39,13;;16.428.281,19;7,32;1,19;-0,35;3.450.988.988,28
JSLG3;5,89;6,37;10,92;1,22;0,23;16,53;12,39;2,72;2,39;7,50;5,11;2,59;0,30;1,59;-0,33;1,87;11,13;2,07;11,91;0,19;0,81;0,76;-8,01;;4.210.091,00;4,85;0,54;-0,29;1.687.079.049,42
KEPL3;20,86;9,57;5,30;2,97;1,43;35,87;28,11;20,45;3,85;3,54;-0,31;-0,24;1,08;5,28;-5,07;1,60;56,06;26,93;45,63;0,48;0,52;1,32;20,87;;22.325.848,54;7,03;3,94;0,02;1.874.480.955,90
KLBN11;20,38;7,24;4,67;2,87;0,52;51,69;37,96;25,10;3,09;5,86;2,77;2,57;1,17;2,90;-0,74;2,45;61,47;11,07;14,36;0,18;0,78;0,44;18,37;14,58;152.547.789,00;7,10;4,36;0,11;22.898.530.873,46
KLBN3;4,05;7,29;4,64;2,85;0,51;51,69;37,96;25,10;3,07;5,86;2,77;2,57;1,17;2,89;-0,74;2,45;61,47;11,07;14,36;0,18;0,78;0,44;18,37;14,58;1.983.366,35;1,42;0,87;0,11;22.898.530.873,46
KLBN4;4,08;7,24;4,68;2,87;0,52;51,69;37,96;25,10;3,09;5,86;2,77;2,57;1,17;2,91;-0,74;2,45;61,47;11,07;14,36;0,18;0,78;0,44;18,37;14,58;9.190.374,23;1,42;0,87;0,11;22.898.530.873,46
KRSA3;1,26;;-7,95;0,82;0,20;24,50;10,36;-6,37;4,89;15,13;10,24;1,71;0,51;2,09;-0,29;1,46;-10,27;-2,53;4,53;0,25;0,74;0,40;;;361.812,04;1,54;-0,16;0,01;973.011.295,62
LAME3;6,60;;21,15;1,91;0,28;32,90;4,35;2,27;11,03;16,86;5,87;1,01;0,48;1,20;-0,66;1,72;9,02;1,34;2,89;0,15;0,63;0,59;3,50;18,61;19.173.026,13;3,46;0,31;-46,97;12.391.135.396,59
LAME4;6,57;;21,06;1,90;0,28;32,90;4,35;2,27;10,98;16,86;5,87;1,01;0,48;1,19;-0,65;1,72;9,02;1,34;2,89;0,15;0,63;0,59;3,50;18,61;120.311.988,67;3,46;0,31;-46,75;12.391.135.396,59
LAND3;28,90;0,71;72,75;3,95;2,88;94,43;69,64;32,36;33,81;33,88;0,07;0,01;23,54;263,00;-3,02;1,30;5,44;3,95;8,21;0,73;0,27;0,12;;;1.954.517,08;7,31;0,40;0,76;2.780.959.201,80
LAVV3;5,00;10,31;9,33;0,85;0,56;34,52;16,60;20,67;11,62;5,63;-5,98;-0,44;1,93;0,90;-3,32;3,85;9,12;5,96;5,24;0,65;0,30;0,29;;;5.133.705,65;5,87;0,54;-0,19;997.671.760,00
LCAM3;24,15;5,64;19,12;2,42;0,65;39,75;27,63;6,74;4,66;7,80;3,14;1,63;1,29;20,46;-0,83;1,18;12,66;3,41;12,37;0,27;0,73;0,51;53,89;85,95;166.957.437,09;9,98;1,26;-2,19;12.285.815.275,65
LEVE3;29,19;14,40;6,54;2,27;1,19;26,59;17,59;14,15;5,26;5,44;0,18;0,08;0,92;3,89;-3,18;1,96;34,78;18,24;27,27;0,52;0,48;1,29;11,02;87,60;6.742.460,31;12,84;4,47;0,98;3.745.325.115,00
LIGT3;5,00;5,07;-17,63;0,22;0,07;18,66;10,91;-0,73;1,18;5,91;4,73;0,87;0,13;0,90;-0,10;1,33;-1,22;-0,38;7,91;0,31;0,69;0,52;9,08;;26.286.837,65;23,16;-0,28;0,15;1.862.776.620,00
LJQQ3;4,76;2,58;317,71;1,71;0,31;34,35;4,30;0,12;9,17;8,35;-0,82;-0,15;0,39;1,01;-0,92;1,91;0,54;0,10;10,00;0,18;0,82;0,80;;;19.296.883,42;2,78;0,02;-3,30;891.501.680,44
LOGG3;17,17;5,05;4,08;0,48;0,29;98,52;260,16;222,57;3,49;6,61;3,12;0,43;9,09;10,17;-0,32;1,36;11,81;7,01;8,78;0,59;0,39;0,03;9,07;64,50;9.485.141,85;35,59;4,20;0,11;1.754.072.674,18
LOGN3;28,99;;22,17;5,29;1,01;22,96;18,52;7,30;8,74;11,14;2,40;1,45;1,62;5,64;-1,60;1,97;23,85;4,57;15,75;0,19;0,81;0,63;11,96;8,15;8.597.142,73;5,48;1,31;-0,66;3.086.759.272,09
LPSB3;1,98;3,82;22,96;1,48;0,72;80,54;13,34;6,36;10,95;8,64;-2,31;-0,31;1,46;7,04;-1,00;1,58;6,46;3,13;4,92;0,48;0,51;0,49;8,40;;765.267,42;1,33;0,09;-0,30;292.158.169,38
LREN3;21,13;2,90;17,09;2,14;1,01;59,71;9,89;9,33;16,13;15,36;-0,77;-0,10;1,59;3,57;-2,74;1,80;12,52;5,89;9,38;0,47;0,53;0,63;10,38;14,42;463.363.370,31;9,88;1,24;0,15;20.944.626.362,09
LVTC3;5,40;3,22;7,62;0,54;0,21;24,78;10,16;4,29;3,21;1,56;-1,65;-0,28;0,33;0,61;-0,50;2,37;7,08;2,71;14,97;0,38;0,62;0,63;;;944.988,62;10,02;0,71;-0,19;349.180.540,20
LWSA3;7,58;;1.070,36;1,52;0,98;45,11;10,87;0,39;38,19;26,75;-11,44;-0,45;4,15;3,96;-1,82;2,16;0,14;0,09;2,50;0,65;0,35;0,24;23,75;;91.161.029,92;4,99;0,01;1,20;4.491.229.195,84
MATD3;7,06;1,28;22,76;1,65;0,56;36,60;18,93;7,71;9,26;11,80;2,54;0,45;1,75;3,51;-0,75;2,75;7,24;2,46;8,04;0,34;0,64;0,32;;;5.888.621,88;4,29;0,31;-2,64;2.699.248.536,26
MDIA3;42,00;4,63;23,06;2,16;1,27;29,04;6,84;6,48;21,84;24,34;2,50;0,25;1,49;5,81;-2,22;2,06;9,36;5,52;6,22;0,59;0,41;0,85;7,96;-4,68;50.588.985,96;19,45;1,82;2,39;14.238.000.000,00
MDNE3;5,64;;4,35;0,41;0,17;36,24;11,76;14,97;5,54;4,14;-1,40;-0,10;0,65;0,78;-0,27;2,50;9,39;3,92;5,13;0,42;0,58;0,26;0,55;;1.527.979,54;13,80;1,30;0,10;478.888.875,00
MEAL3;2,30;;-7,18;0,62;0,23;32,38;0,35;-3,99;80,91;118,15;37,25;0,29;0,29;-11,45;-0,29;0,91;-8,66;-3,23;0,36;0,37;0,63;0,81;3,75;;4.284.196,73;3,70;-0,32;-0,42;658.649.919,00
MEGA3;10,00;;-39,29;1,37;0,36;24,23;19,57;-8,45;16,97;36,98;20,02;1,61;3,32;-47,53;-0,44;0,96;-3,48;-0,93;2,42;0,27;0,73;0,11;;;19.473.510,50;7,32;-0,25;;5.695.983.680,00
MELK3;3,34;8,35;6,26;0,58;0,32;23,62;8,39;10,53;7,85;5,58;-2,27;-0,17;0,66;0,77;-1,14;2,31;9,26;5,05;4,78;0,55;0,41;0,48;;;1.067.332,65;5,76;0,53;0,06;694.617.598,94
MGLU3;2,84;;-51,79;1,77;0,53;27,34;0,70;-1,04;76,73;96,91;20,18;0,47;0,54;2,53;-1,26;1,58;-3,43;-1,03;-4,74;0,30;0,70;0,99;29,98;;740.956.209,96;1,60;-0,05;0,34;19.166.952.248,32
MILS3;9,88;2,65;11,45;2,02;1,23;61,32;28,58;21,60;8,65;9,16;0,51;0,12;2,47;4,78;-2,03;2,87;17,66;10,75;12,23;0,61;0,39;0,50;13,23;;16.281.545,27;4,89;0,86;0,05;2.433.531.497,28
MLAS3;3,46;3,56;6,33;0,68;0,45;23,11;12,00;10,97;5,79;6,15;0,36;0,04;0,69;0,80;-2,18;3,35;10,70;7,04;9,69;0,66;0,34;0,64;;;9.716.527,96;5,11;0,55;-0,15;2.839.065.718,50
MOAR3;470,00;3,73;54,52;6,91;2,87;100,00;301.410,87;229.602,17;41,53;41,80;0,27;0,04;125.175,52;9,22;-5,07;3,53;12,67;5,26;5,13;0,42;0,58;0,00;-16,12;-12,94;279.087,70;68,03;8,62;-0,66;5.758.073.870,00
MODL11;8,46;2,70;27,41;1,51;0,25;58,04;12,02;5,04;11,50;11,50;;;1,38;;-0,31;;5,51;0,90;;0,16;0,84;0,18;;;3.256.574,36;5,61;0,31;-1,51;1.985.844.000,00
MODL3;2,27;3,35;22,06;1,21;0,20;58,04;12,02;5,04;9,26;11,50;;;1,11;;-0,25;;5,51;0,90;;0,16;0,84;0,18;;;12.467.973,42;1,87;0,10;-1,22;1.985.844.000,00
MOSI3;8,24;;32,29;1,56;1,46;89,47;6,23;14,75;76,45;36,94;-39,51;-0,81;4,76;1,91;-8,40;13,23;4,84;4,52;0,25;0,93;0,07;0,31;;;6.097.270,00;5,27;0,26;;1.043.149.227,20
MOVI3;7,52;18,91;3,34;0,95;0,12;41,06;29,50;9,45;1,07;5,04;3,97;3,54;0,32;0,76;-0,18;1,80;28,56;3,49;11,90;0,12;0,88;0,37;23,01;83,02;49.132.663,62;7,88;2,25;0,27;2.724.511.686,72
MRFG3;7,62;33,96;0,92;0,72;0,04;15,93;11,48;4,65;0,37;3,42;3,04;5,87;0,04;0,48;-0,06;1,28;78,08;4,07;14,51;0,05;0,78;0,87;35,31;;131.051.711,85;10,57;8,26;0,08;5.029.200.000,00
MRVE3;8,13;4,87;9,11;0,63;0,17;20,60;12,01;6,27;4,76;12,27;7,51;1,00;0,57;0,71;-0,32;2,11;6,94;1,89;3,48;0,27;0,69;0,30;10,87;-5,00;93.892.035,77;12,85;0,89;-0,24;3.928.682.574,57
MTRE3;3,93;8,33;11,40;0,42;0,26;31,05;6,14;5,48;10,18;8,48;-1,70;-0,07;0,62;0,46;-1,29;3,37;3,70;2,26;2,24;0,61;0,38;0,41;57,62;141,81;2.269.087,42;9,32;0,34;3,58;415.695.042,60
MULT3;21,37;4,29;17,26;1,96;1,17;80,46;56,14;42,94;13,20;15,14;1,94;0,29;7,41;92,77;-1,40;1,08;11,37;6,77;10,04;0,60;0,40;0,16;3,03;18,98;160.034.458,65;10,89;1,24;0,19;12.838.259.898,75
MYPK3;12,51;14,69;3,74;0,47;0,13;11,24;8,02;3,10;1,45;4,91;3,46;1,12;0,12;0,65;-0,27;1,58;12,57;3,38;10,35;0,27;0,71;1,09;14,96;88,62;26.260.362,08;26,61;3,34;0,06;1.923.032.208,51
NEOE3;14,75;5,41;4,05;0,67;0,19;28,89;20,82;10,23;1,99;5,94;3,95;1,33;0,41;3,47;-0,26;1,30;16,50;4,80;11,70;0,29;0,71;0,47;23,82;70,91;20.966.835,42;22,06;3,64;1,32;17.903.509.408,00
NGRD3;1,57;0,95;281,73;0,83;0,52;64,86;2,03;0,51;70,23;33,61;-36,62;-0,43;1,42;1,86;-0,98;2,48;0,29;0,19;-0,05;0,63;0,37;0,37;;;1.198.191,35;1,89;0,01;-3,01;374.699.858,10
NTCO3;11,83;1,11;-12,84;0,71;0,30;64,23;1,18;-3,39;36,88;57,34;20,46;0,39;0,44;4,84;-0,42;1,27;-5,54;-2,34;0,68;0,42;0,58;0,69;38,39;;205.861.243,04;16,62;-0,92;0,04;16.361.933.406,00
ODPV3;8,57;3,42;10,96;4,04;2,29;61,42;29,78;23,72;8,73;8,09;-0,64;-0,30;2,60;-33,97;-3,27;0,82;36,85;20,89;30,67;0,57;0,43;0,88;6,18;15,52;19.689.030,38;2,12;0,78;0,61;4.871.751.931,71
OFSA3;24,00;2,24;10,61;1,91;1,00;49,50;15,64;12,34;8,37;9,87;1,50;0,34;1,31;2,25;-2,69;3,45;17,96;9,43;13,09;0,53;0,47;0,76;14,66;;314.400,58;12,60;2,26;0,81;1.294.776.144,00
OMGE3;27,57;;11,48;1,35;0,44;30,38;56,77;21,25;4,30;8,04;3,75;1,18;2,44;10,85;-0,53;1,31;11,81;3,84;11,17;0,33;0,67;0,18;55,45;118,18;49.236.324,19;20,35;2,40;-0,03;5.521.562.588,85
ONCO3;6,69;;-348,55;1,65;0,46;34,77;9,69;-0,26;9,45;16,23;6,78;1,19;0,92;5,41;-0,64;1,42;-0,47;-0,13;5,16;0,28;0,65;0,50;;;8.919.943,42;4,04;-0,02;3,66;3.332.859.770,73
OPCT3;2,51;;-4,26;0,67;0,22;14,07;0,61;-10,40;72,17;225,22;153,05;1,42;0,44;-4,33;-0,28;0,80;-15,70;-5,26;0,36;0,34;0,66;0,51;;;2.195.962,96;3,76;-0,59;-0,02;501.898.480,54
ORVR3;34,90;;-39,51;5,73;1,51;35,76;18,62;-10,48;22,25;27,28;5,03;1,30;4,14;24,17;-1,93;1,40;-14,51;-3,82;5,02;0,26;0,73;0,36;;;17.748.041,50;6,09;-0,88;8,95;2.495.348.953,00
PARD3;20,81;2,45;15,92;2,85;1,14;27,49;14,88;8,28;8,85;9,43;0,58;0,19;1,32;325,92;-1,64;1,01;17,88;7,17;19,57;0,40;0,60;0,87;17,16;10,74;14.885.424,96;7,31;1,31;-0,76;2.725.664.561,95
PCAR3;18,14;1,95;2,87;0,36;0,11;25,35;3,28;3,75;3,28;5,95;2,68;0,30;0,11;5,55;-0,17;1,07;12,60;3,93;4,49;0,31;0,63;1,05;4,35;;58.673.131,42;50,20;6,32;0,51;4.892.851.498,70
PETR3;28,12;59,63;2,08;0,98;0,39;51,31;47,78;28,61;1,24;2,05;0,87;0,69;0,59;15,60;-0,47;1,17;47,38;18,63;31,73;0,39;0,61;0,65;9,88;;691.541.068,73;28,56;13,53;0,07;348.100.430.759,68
PETR4;24,78;67,66;1,83;0,87;0,34;51,31;47,78;28,61;1,10;2,05;0,87;0,69;0,52;13,74;-0,41;1,17;47,38;18,63;31,73;0,39;0,61;0,65;9,88;;2.701.943.932,69;28,56;13,53;0,06;348.100.430.759,68
PETZ3;6,41;0,81;49,18;1,62;0,83;48,68;5,44;2,28;20,63;19,69;-0,94;-0,07;1,12;6,49;-1,21;1,67;3,29;1,68;6,51;0,51;0,49;0,74;;;118.819.080,42;3,97;0,13;-2,97;2.959.130.892,85
PFRM3;3,38;;4,79;0,35;0,10;14,61;3,02;1,17;1,86;4,42;2,56;0,48;0,06;0,48;-0,31;1,45;7,24;2,09;9,16;0,29;0,64;1,78;9,44;;862.204,96;9,73;0,71;-0,60;418.487.172,74
PGMN3;4,10;;18,62;0,81;0,23;32,06;5,90;1,15;3,64;5,67;2,04;0,45;0,21;1,39;-0,46;1,47;4,34;1,21;14,13;0,28;0,72;1,05;6,32;18,56;3.496.075,81;5,08;0,22;-0,40;1.819.502.354,20
PLPL3;3,59;4,49;7,10;2,10;0,53;28,11;9,53;7,63;5,68;7,00;1,32;0,49;0,54;0,75;-4,89;4,64;29,64;7,41;12,01;0,25;0,75;0,97;;;3.394.519,08;1,71;0,51;-1,71;733.279.040,00
PNVL3;10,43;1,81;18,36;1,44;0,61;31,04;3,34;2,25;12,36;18,15;5,79;0,67;0,41;2,52;-1,38;1,77;7,83;3,32;5,91;0,42;0,58;1,48;8,67;9,99;5.762.414,88;7,26;0,57;2,23;1.568.437.126,83
POMO3;2,07;1,79;7,55;0,64;0,27;12,71;3,25;5,51;12,81;23,36;9,41;0,47;0,42;1,34;-0,60;1,57;8,53;3,54;1,65;0,42;0,58;0,64;6,33;3,43;316.558,19;3,22;0,27;-0,19;2.135.595.735,76
POMO4;2,36;1,57;8,60;0,73;0,30;12,71;3,25;5,51;14,60;23,36;9,41;0,47;0,47;1,53;-0,68;1,57;8,53;3,54;1,65;0,42;0,58;0,64;6,33;3,43;16.530.382,27;3,22;0,27;-0,21;2.135.595.735,76
PORT3;10,56;4,23;18,06;2,05;0,84;43,12;24,22;11,36;8,47;13,02;4,55;1,10;2,05;17.401,01;-0,97;1,00;11,38;4,67;8,44;0,41;0,59;0,41;6,17;-2,54;3.000.826,38;5,14;0,58;2,46;4.646.068.416,00
POSI3;7,95;4,28;5,44;0,85;0,26;20,12;10,02;4,32;2,34;4,44;2,10;0,76;0,23;0,73;-1,75;1,74;15,63;4,86;17,19;0,31;0,69;1,13;14,02;87,96;21.894.756,96;9,36;1,46;-0,17;1.127.310.000,00
POWE3;10,90;;23,92;0,99;0,38;6,82;3,52;2,59;17,55;10,60;-6,96;-0,39;0,62;6,57;-0,74;1,13;4,13;1,58;3,81;0,38;0,62;0,61;;;5.388.846,38;11,02;0,46;-1,77;977.237.930,40
PRIO3;33,17;;8,66;3,17;1,47;65,73;58,63;47,17;6,97;6,94;-0,03;-0,01;4,08;3,02;-3,33;7,82;36,60;16,97;20,56;0,46;0,54;0,36;61,68;69,51;516.534.967,81;10,47;3,83;0,04;29.277.380.590,45
PSSA3;22,67;5,11;13,18;1,56;0,32;100,00;1,63;4,27;34,46;12,34;-22,12;-1,00;0,56;5,39;-0,88;1,10;11,82;2,42;2,89;0,20;0,80;0,57;5,64;3,96;56.078.275,62;14,55;1,72;-0,61;14.658.105.980,20
PTBL3;7,92;4,20;5,61;2,46;0,50;44,43;15,57;8,99;3,24;4,81;1,57;1,19;0,50;4,69;-0,94;1,30;43,87;8,96;23,57;0,20;0,80;1,00;13,47;147,88;16.480.339,69;3,22;1,41;3,93;1.116.616.137,12
QUAL3;5,43;4,70;6,91;1,07;0,33;79,88;26,74;11,05;2,86;5,72;2,86;1,07;0,76;2,34;-0,47;1,88;15,43;4,76;11,29;0,31;0,69;0,43;1,31;-11,22;38.461.000,42;5,10;0,79;-0,17;1.542.197.784,75
RADL3;23,48;1,08;44,01;7,68;2,35;30,40;6,04;3,18;23,18;24,31;1,13;0,37;1,40;12,31;-5,29;1,52;17,44;5,33;20,49;0,31;0,69;1,68;16,47;14,50;206.346.181,58;3,06;0,53;2,37;38.787.316.400,00
RAIL3;17,55;0,11;-293,44;2,16;0,71;29,59;22,83;-1,21;15,60;20,49;4,89;0,68;3,56;7,08;-0,92;1,83;-0,74;-0,24;6,35;0,33;0,66;0,20;11,53;;266.411.456,31;8,12;-0,06;2,43;32.540.486.782,05
RAIZ4;3,34;5,10;26,44;1,55;0,34;4,82;1,90;0,55;7,62;13,01;5,39;1,10;0,14;5,22;-0,65;1,16;5,87;1,30;8,04;0,22;0,78;2,39;;;62.544.937,88;2,15;0,13;-0,60;34.577.381.676,56
RANI3;8,70;7,35;6,03;1,97;0,79;46,29;33,21;21,01;3,81;4,97;1,16;0,60;1,27;6,85;-1,14;1,60;32,67;13,14;19,48;0,40;0,60;0,63;15,63;;10.648.128,92;4,42;1,44;0,15;2.143.326.075,30
RAPT4;8,67;8,36;5,33;1,03;0,24;24,24;11,03;4,94;2,39;4,63;2,30;0,99;0,26;0,73;-0,66;2,04;19,32;4,47;11,00;0,23;0,68;0,91;28,12;;16.921.159,38;8,42;1,63;-0,11;2.792.377.336,53
RDOR3;27,75;1,51;40,67;4,09;0,99;22,54;17,63;6,13;14,14;18,14;4,00;1,16;2,49;3,67;-1,73;2,76;10,06;2,44;8,46;0,24;0,74;0,40;;;178.526.816,81;6,78;0,68;-7,77;55.787.688.551,25
RECV3;27,85;2,79;9,99;2,22;1,25;48,02;42,04;32,88;7,81;6,64;-1,17;-0,33;3,28;7,47;-1,99;1,82;22,25;12,51;18,49;0,56;0,44;0,38;;;85.170.362,04;12,53;2,79;0,02;8.159.463.311,90
RENT3;53,67;2,01;28,69;2,60;0,82;40,31;28,05;12,67;12,95;18,62;5,67;1,14;3,63;63,17;-1,07;1,06;9,06;2,87;6,78;0,32;0,68;0,23;19,68;35,08;634.091.717,04;20,66;1,87;-3,54;52.819.813.905,69
ROMI3;14,15;5,85;6,25;1,12;0,52;31,31;14,74;12,19;5,17;7,26;2,09;0,45;0,76;1,87;-1,34;1,86;17,96;8,39;10,62;0,47;0,53;0,69;18,71;;9.960.543,96;12,61;2,26;-0,28;1.141.442.493,10
RRRP3;33,30;;31,12;1,57;0,84;55,99;33,03;14,23;13,41;12,85;-0,56;-0,07;4,43;7,88;-1,09;1,88;5,03;2,70;6,22;0,54;0,46;0,19;;;188.578.484,69;21,27;1,07;-0,15;6.762.818.145,60
SANB11;27,22;8,24;7,04;0,95;0,11;25,83;14,67;12,09;5,80;5,80;;;0,85;;-0,11;;13,45;1,49;;0,11;0,89;0,12;0,22;14,60;68.957.538,15;28,75;3,87;-0,65;102.055.007.604,11
SANB3;12,99;8,22;6,72;0,90;0,10;25,83;14,67;12,09;5,54;5,80;;;0,81;;-0,10;;13,45;1,49;;0,11;0,89;0,12;0,22;14,60;4.064.893,73;14,38;1,93;-0,62;102.055.007.604,11
SANB4;14,47;8,11;7,48;1,01;0,11;25,83;14,67;12,09;6,17;5,80;;;0,91;;-0,11;;13,45;1,49;;0,11;0,89;0,12;0,22;14,60;4.898.548,77;14,38;1,93;-0,69;102.055.007.604,11
SAPR11;17,74;6,55;4,73;0,64;0,33;57,67;31,66;20,29;3,03;5,12;2,08;0,44;0,96;5,94;-0,39;1,60;13,47;7,01;10,32;0,52;0,48;0,35;8,40;12,56;29.828.762,54;27,82;3,75;-12,13;5.361.757.181,41
SAPR3;3,34;6,44;4,46;0,60;0,31;57,67;31,66;20,29;2,86;5,12;2,08;0,44;0,90;5,60;-0,37;1,60;13,47;7,01;10,32;0,52;0,48;0,35;8,40;12,56;1.949.740,88;5,56;0,75;-11,42;5.361.757.181,41
SAPR4;3,59;6,59;4,79;0,65;0,34;57,67;31,66;20,29;3,07;5,12;2,08;0,44;0,97;6,01;-0,39;1,60;13,47;7,01;10,32;0,52;0,48;0,35;8,40;12,56;11.611.933,35;5,56;0,75;-12,27;5.361.757.181,41
SBFG3;12,61;0,93;8,70;1,33;0,40;47,08;6,61;5,92;7,80;13,77;5,97;1,02;0,52;1,96;-0,76;1,77;15,23;4,64;4,20;0,30;0,70;0,78;22,57;;36.151.583,27;9,51;1,45;0,15;3.071.747.300,18
SBSP3;56,32;1,67;12,64;1,41;0,69;34,96;20,93;14,38;8,68;12,15;3,46;0,56;1,82;16,72;-0,79;1,48;11,14;5,44;6,97;0,49;0,51;0,38;6,69;0,67;255.517.642,04;40,02;4,46;0,68;38.495.275.822,08
SEER3;4,95;;-6,83;0,47;0,18;51,25;5,91;-5,74;6,63;11,64;5,01;0,35;0,39;2,69;-0,24;1,44;-6,84;-2,68;4,34;0,39;0,61;0,47;4,57;;5.366.658,69;10,60;-0,72;0,04;637.171.722,00
SEQL3;3,50;;-7,10;0,91;0,25;18,55;4,44;-3,74;5,98;13,77;7,79;1,19;0,27;-97,15;-0,37;0,99;-12,87;-3,53;6,43;0,27;0,73;0,94;;;18.574.138,27;3,83;-0,49;0,00;491.006.901,00
SHUL4;4,81;3,11;6,87;1,65;0,74;25,25;17,48;12,53;4,92;52,76;1,03;0,35;0,86;1,77;-2,12;2,84;24,03;10,83;17,77;0,45;0,55;0,86;24,09;52,20;2.659.620,50;2,91;0,70;0,27;18.069.313.860,92
SIMH3;6,55;9,48;10,42;1,98;0,09;32,54;23,00;2,50;1,13;6,40;5,27;9,22;0,26;0,40;-0,15;2,40;19,03;0,89;9,46;0,05;0,91;0,36;16,28;;41.357.070,15;3,30;0,63;-0,44;5.491.571.803,95
SLCE3;42,98;5,64;6,84;1,91;0,60;33,97;28,00;14,52;3,55;4,72;1,17;0,63;0,99;3,17;-1,14;1,68;27,88;8,84;21,67;0,32;0,66;0,61;30,68;113,71;61.055.419,88;22,54;6,28;0,27;9.129.923.305,02
SMFT3;13,68;;-29,09;1,93;0,72;26,56;2,24;-10,51;136,43;142,62;6,19;0,09;3,06;4,62;-1,02;2,14;-6,65;-2,48;0,77;0,37;0,62;0,24;21,63;;24.434.729,31;7,08;-0,47;0,52;8.019.794.513,52
SMTO3;26,26;2,78;6,85;1,71;0,51;38,37;38,94;21,55;3,79;6,82;3,03;1,36;1,48;3,37;-0,77;1,87;24,88;7,51;14,39;0,30;0,70;0,35;16,99;36,73;52.513.491,96;15,40;3,83;0,22;9.296.337.499,54
SOJA3;10,09;1,08;10,03;1,61;0,71;10,12;8,27;7,93;9,63;10,15;0,52;0,09;0,80;2,72;-2,43;1,58;16,08;7,03;9,42;0,44;0,52;0,89;;;3.148.043,96;6,25;1,01;-0,76;1.181.945.889,34
SOMA3;10,13;0,90;25,84;1,07;0,76;55,80;7,85;6,50;21,40;24,00;2,60;0,13;1,68;5,18;-1,09;1,98;4,15;2,96;3,62;0,71;0,29;0,45;;;104.932.157,85;9,45;0,39;5,88;7.949.490.888,49
SQIA3;15,21;0,44;47,14;1,71;0,88;40,94;10,31;5,12;23,39;25,96;2,57;0,19;2,41;33.439,93;-1,06;1,00;3,62;1,87;4,12;0,52;0,48;0,37;33,05;27,93;15.089.212,35;8,91;0,32;0,33;1.337.597.394,12
STBP3;6,84;13,22;14,06;2,76;1,19;43,91;28,52;22,04;10,86;10,08;-0,79;-0,20;3,10;11,39;-1,51;1,99;19,64;8,47;15,41;0,43;0,57;0,38;13,09;;37.937.467,77;2,48;0,49;0,10;5.907.382.457,04
SULA11;20,43;1,10;47,95;1,04;0,29;4,25;-3,34;0,83;-11,87;7,60;19,47;-1,71;0,40;0,78;-0,83;2,29;2,17;0,60;-8,72;0,28;0,72;0,73;4,58;-23,56;79.210.987,88;19,64;0,43;-0,87;8.700.005.246,10
SUZB3;53,10;2,51;3,96;2,59;0,56;49,45;41,93;38,86;3,67;6,63;2,96;2,08;1,54;3,10;-0,78;2,81;65,24;14,18;15,82;0,22;0,78;0,36;32,90;60,88;397.168.077,38;20,53;13,40;0,08;72.283.096.310,40
SYNE3;4,16;209,45;0,52;0,41;0,15;69,60;67,81;53,26;0,41;0,80;0,39;0,40;0,27;1,03;-0,18;6,61;79,34;29,28;39,56;0,37;0,36;0,55;40,50;;1.654.024,35;10,16;8,06;0,00;635.000.891,20
TAEE11;35,06;13,85;6,53;1,74;0,68;84,89;102,94;65,49;4,15;6,53;2,38;0,99;4,28;4,57;-0,85;3,71;26,61;10,36;17,16;0,39;0,61;0,16;20,07;16,49;120.356.465,73;20,18;5,37;-0,22;12.078.131.679,42
TAEE3;11,75;13,77;6,57;1,75;0,68;84,89;102,94;65,49;4,18;6,53;2,38;0,99;4,30;4,59;-0,85;3,71;26,61;10,36;17,16;0,39;0,61;0,16;20,07;16,49;2.888.496,69;6,73;1,79;-0,22;12.078.131.679,42
TAEE4;11,67;13,87;6,52;1,74;0,68;84,89;102,94;65,49;4,15;6,53;2,38;0,99;4,27;4,56;-0,85;3,71;26,61;10,36;17,16;0,39;0,61;0,16;20,07;16,49;5.177.900,31;6,73;1,79;-0,22;12.078.131.679,42
TASA3;13,65;11,90;2,85;1,59;0,74;47,87;32,76;21,93;1,91;2,17;0,26;0,22;0,62;3,11;-2,24;1,55;55,91;25,88;38,00;0,46;0,54;1,18;26,98;;563.540,96;8,57;4,79;-0,20;1.728.483.426,35
TASA4;13,69;11,87;2,86;1,60;0,74;47,87;32,76;21,93;1,91;2,17;0,26;0,22;0,63;3,11;-2,25;1,55;55,91;25,88;38,00;0,46;0,54;1,18;26,98;;11.573.923,00;8,57;4,79;-0,20;1.728.483.426,35
TFCO4;10,00;1,27;98,06;29,86;18,36;58,17;23,00;18,14;77,31;13,30;0,29;0,11;17,78;36,49;-66,60;3,27;30,45;18,72;24,51;0,61;0,39;1,03;;;2.464.078,54;0,33;0,10;1,83;1.597.180.015,00
TGMA3;20,55;5,46;10,28;1,84;1,31;19,84;13,78;10,43;7,77;7,72;-0,05;-0,01;1,07;4,90;-2,52;2,26;17,93;12,75;15,43;0,71;0,29;1,22;1,74;57,03;7.404.860,50;11,16;2,00;0,45;1.356.359.903,25
TIMS3;12,47;4,99;14,05;1,19;0,55;51,49;19,18;10,47;7,67;10,98;3,31;0,51;1,47;-30,64;-0,67;0,90;8,49;3,93;8,13;0,46;0,54;0,37;2,95;23,41;110.998.351,85;10,45;0,89;-0,51;30.187.430.843,06
TOTS3;27,04;0,85;35,43;3,76;1,57;67,48;16,13;12,42;27,28;25,94;-1,35;-0,19;4,40;5,44;-3,86;1,96;10,60;4,44;7,23;0,42;0,56;0,36;8,34;25,27;168.686.673,50;7,20;0,76;0,96;16.688.633.214,24
TRIS3;3,82;5,75;12,39;0,57;0,31;31,52;13,91;7,91;7,05;11,53;4,49;0,36;0,98;0,67;-0,82;3,93;4,60;2,50;4,07;0,54;0,43;0,32;20,68;85,86;4.184.712,62;6,70;0,31;-0,19;712.878.995,16
TRPL4;22,49;0,77;5,74;0,92;0,46;65,19;71,11;45,66;3,68;5,78;1,68;0,42;2,62;3,86;-0,54;5,29;16,07;8,05;14,19;0,50;0,48;0,18;-6,60;-12,14;40.083.339,77;24,40;3,92;-0,18;16.497.460.142,28
TTEN3;9,62;0,16;9,28;1,84;0,82;13,32;5,89;8,08;12,72;12,52;-0,21;-0,03;0,75;2,98;-2,99;1,61;19,84;8,82;7,29;0,44;0,56;1,09;;;16.133.677,62;5,22;1,04;0,25;4.773.613.764,14
TUPY3;27,43;1,38;7,69;1,27;0,44;18,24;8,02;5,33;5,11;7,11;2,00;0,50;0,41;1,04;-1,37;2,66;16,55;5,73;9,67;0,35;0,65;1,08;16,82;;28.920.128,54;21,55;3,57;0,06;3.954.788.825,00
UGPA3;12,83;4,54;10,53;1,31;0,42;3,61;1,91;1,02;5,64;8,75;3,11;0,72;0,11;2,41;-0,85;1,53;12,45;3,99;9,54;0,32;0,67;3,90;7,24;-2,75;112.275.468,92;9,78;1,22;0,20;14.307.670.616,40
UNIP3;83,53;20,54;4,66;3,08;1,34;46,94;41,33;23,71;2,67;2,82;-0,06;-0,07;1,10;5,47;-2,57;2,06;66,05;28,84;53,04;0,44;0,56;1,22;47,87;45,98;2.015.448,81;27,13;17,92;0,27;9.342.989.953,00
UNIP6;93,39;20,21;5,21;3,44;1,50;46,94;41,33;23,71;2,99;2,82;-0,06;-0,07;1,24;6,12;-2,88;2,06;66,05;28,84;53,04;0,44;0,56;1,22;47,87;45,98;22.443.848,77;27,13;17,92;0,30;9.342.989.953,00
USIM3;7,51;9,95;1,88;0,39;0,23;21,12;18,02;15,23;1,59;1,76;0,16;0,04;0,29;0,60;-0,47;4,16;20,61;12,24;14,14;0,59;0,34;0,80;31,89;;3.839.413,81;19,39;4,00;-0,05;9.443.493.206,52
USIM5;7,57;10,86;1,89;0,39;0,23;21,12;18,02;15,23;1,60;1,76;0,16;0,04;0,29;0,60;-0,47;4,16;20,61;12,24;14,14;0,59;0,34;0,80;31,89;;153.004.971,81;19,39;4,00;-0,05;9.443.493.206,52
VALE3;85,88;8,49;3,85;2,29;0,94;49,82;44,05;45,63;3,98;4,35;0,37;0,21;1,75;81,80;-1,14;1,07;59,45;24,49;30,46;0,41;0,57;0,54;25,41;51,64;2.889.308.833,73;37,57;22,33;0,33;410.411.009.906,44
VAMO3;11,40;;21,93;3,20;0,76;41,51;31,92;12,31;8,46;11,58;3,12;1,18;2,70;5,36;-1,15;1,72;14,58;3,48;10,39;0,24;0,76;0,28;571,04;559,46;61.196.405,92;3,57;0,52;0,38;11.689.536.858,00
VBBR3;15,05;3,97;8,78;1,39;0,44;4,61;1,99;1,14;5,03;8,75;3,73;1,03;0,10;1,58;-0,92;2,19;15,80;5,05;9,79;0,32;0,68;4,44;8,47;;194.329.389,58;10,85;1,71;-0,15;17.533.250.000,00
VIIA3;1,99;;-21,21;0,58;0,09;30,44;4,10;-0,50;2,57;9,11;6,54;1,47;0,11;-0,90;-0,17;0,81;-2,72;-0,44;3,93;0,16;0,84;0,89;9,29;;204.090.371,96;3,44;-0,09;0,01;3.180.878.265,11
VITT3;12,90;1,01;12,97;3,82;2,10;37,01;20,66;15,95;10,01;11,14;1,13;0,43;2,07;6,86;-6,14;1,87;29,46;16,16;19,98;0,55;0,45;1,01;;;3.126.980,27;3,38;1,00;0,31;1.845.333.480,30
VIVA3;21,70;1,52;15,52;3,68;2,00;63,71;17,61;17,71;15,61;15,07;-0,54;-0,13;2,75;5,64;-5,23;2,35;23,71;12,88;16,73;0,54;0,46;0,73;;;33.652.084,15;5,90;1,40;0,63;5.125.491.587,30
VIVT3;37,13;9,16;11,13;0,90;0,51;42,70;13,86;11,93;9,58;11,70;2,11;0,20;1,33;-16,86;-0,61;0,85;8,10;4,57;6,61;0,56;0,43;0,38;0,71;6,48;118.314.732,85;41,20;3,34;0,78;62.264.718.002,23
VLID3;9,79;2,97;27,65;0,64;0,26;30,15;13,60;1,40;2,84;5,35;2,51;0,57;0,39;1,11;-0,55;1,83;2,33;0,95;10,98;0,41;0,58;0,68;4,98;-19,58;3.546.163,69;15,19;0,35;-0,12;820.758.111,25
VULC3;12,01;3,08;8,76;1,83;1,24;36,33;16,10;13,93;7,58;7,96;0,38;0,09;1,22;2,94;-3,86;2,65;20,91;14,18;18,86;0,68;0,32;1,02;10,48;56,66;7.862.755,92;6,55;1,37;0,51;2.951.532.490,44
VVEO3;16,50;2,46;16,97;2,06;0,57;16,14;6,18;3,59;9,87;13,06;3,19;0,67;0,61;1,94;-1,35;2,05;12,13;3,37;8,29;0,28;0,72;0,94;;;5.766.838,58;8,01;0,97;-0,67;4.721.035.440,00
WEGE3;37,20;1,33;40,15;11,64;6,03;28,42;16,27;13,66;33,72;33,67;-0,05;-0,02;5,49;21,82;-18,78;1,69;28,99;15,03;23,19;0,52;0,47;1,10;20,26;28,32;339.333.411,85;3,20;0,93;3,19;156.140.229.525,60
WIZS3;7,86;7,48;8,05;2,89;0,63;58,20;41,06;17,81;3,49;3,57;0,08;0,07;1,43;-13,13;-0,77;0,79;35,93;7,84;22,59;0,22;0,51;0,44;15,13;1,48;11.290.779,69;2,72;0,98;-0,56;1.256.871.236,52
YDUQ3;10,64;1,19;-69,43;1,05;0,33;55,27;12,65;-1,05;5,76;13,06;7,30;1,33;0,73;3,08;-0,46;1,64;-1,51;-0,48;5,81;0,32;0,68;0,46;6,64;;77.228.077,23;10,15;-0,15;0,51;3.288.705.374,64
ZAMP3;5,18;;-19,24;0,98;0,36;64,12;2,11;-2,11;19,30;26,46;7,16;0,36;0,41;9,72;-0,48;1,17;-5,09;-1,86;2,48;0,36;0,64;0,88;14,59;;8.458.875,38;5,29;-0,27;0,24;1.426.341.215,46
